Country,Version,Language,Date,PDF
Afghanistan,First,English,23/11/2016,https://www4.unfccc.int/sites/ndcstaging/PublishedDocuments/Afghanistan%20First/INDC_AFG_20150927_FINAL.pdf
Albania,First (Archived),English,21/09/2016,https://www4.unfccc.int/sites/ndcstaging/PublishedDocuments/Albania%20First/Albania%20First.pdf
Albania,First (Updated submission),English,12/10/2021,https://www4.unfccc.int/sites/ndcstaging/PublishedDocuments/Albania%20First/Albania%20Revised%20NDC.pdf
Algeria,First,French,20/10/2016,https://www4.unfccc.int/sites/ndcstaging/PublishedDocuments/Algeria%20First/Algérie%20-INDC-%2003%20septembre%202015.pdf
Algeria,First Translation,English,20/10/2016,"https://www4.unfccc.int/sites/ndcstaging/PublishedDocuments/Algeria%20First/Algeria%20-%20INDC%20(English%20unofficial%20translation)%20September%2003,2015.pdf"
Andorra,First (Archived),French,24/03/2017,https://www4.unfccc.int/sites/ndcstaging/PublishedDocuments/Andorra%20First/Andorra%20INDC-CPDN.pdf
Andorra,First (Updated submission),Spanish,20/05/2020,https://www4.unfccc.int/sites/ndcstaging/PublishedDocuments/Andorra%20First/20200514-%20Actualització%20NDC.pdf
Angola,First (Archived),English,16/11/2020,https://www4.unfccc.int/sites/ndcstaging/PublishedDocuments/Angola%20First/INDC%20Angola%20deposito.pdf
Angola,First (Updated submission),English,31/05/2021,https://www4.unfccc.int/sites/ndcstaging/PublishedDocuments/Angola%20First/NDC%20Angola.pdf
Antigua and Barbuda,First (Archived),English,21/09/2016,https://www4.unfccc.int/sites/ndcstaging/PublishedDocuments/Antigua%20and%20Barbuda%20First/Antigua%20and%20Barbuda%20First.pdf
Antigua and Barbuda,First (Updated submission),English,02/09/2021,https://www4.unfccc.int/sites/ndcstaging/PublishedDocuments/Antigua%20and%20Barbuda%20First/ATG%20-%20UNFCCC%20NDC%20-%202021-09-02%20-%20Final.pdf
Argentina,Second (Archived),Spanish,30/12/2020,https://www4.unfccc.int/sites/ndcstaging/PublishedDocuments/Argentina%20Second/Argentina_Segunda%20Contribución%20Nacional.pdf
Argentina,Second (Updated submission),Spanish,02/11/2021,https://www4.unfccc.int/sites/ndcstaging/PublishedDocuments/Argentina%20Second/Actualización%20meta%20de%20emisiones%202030.pdf
Argentina,First (Archived),Spanish,17/11/2016,https://www4.unfccc.int/sites/ndcstaging/PublishedDocuments/Argentina%20First/17112016%20NDC%20Revisada%202016.pdf
Argentina,First(Archived),English,17/11/2016,https://www4.unfccc.int/sites/ndcstaging/PublishedDocuments/Argentina%20First/Traducción%20NDC_Argentina.pdf
Armenia,First (Archived),English,23/03/2017,https://www4.unfccc.int/sites/ndcstaging/PublishedDocuments/Armenia%20First/INDC-Armenia.pdf
Armenia,First (Updated submission),English,05/05/2021,https://www4.unfccc.int/sites/ndcstaging/PublishedDocuments/Armenia%20First/NDC%20of%20Republic%20of%20Armenia%20%202021-2030.pdf
Australia,First (Archived),English,09/11/2016,https://www4.unfccc.int/sites/ndcstaging/PublishedDocuments/Australia%20First/Australias%20Intended%20Nationally%20Determined%20Contribution%20to%20a%20new%20Climate%20Change%20Agreement%20-%20August%202015.pdf
Australia,First (Archived),English,31/12/2020,https://www4.unfccc.int/sites/ndcstaging/PublishedDocuments/Australia%20First/Australia%20NDC%20recommunication%20FINAL.PDF
Australia,First (Updated submission),English,28/10/2021,https://www4.unfccc.int/sites/ndcstaging/PublishedDocuments/Australia%20First/Australia%20Nationally%20Determined%20Contribution%20Update%20October%202021%20WEB.pdf
Azerbaijan,First,English,09/01/2017,https://www4.unfccc.int/sites/ndcstaging/PublishedDocuments/Azerbaijan%20First/INDC%20Azerbaijan.pdf
Bahamas,First,English,31/10/2016,https://www4.unfccc.int/sites/ndcstaging/PublishedDocuments/Bahamas%20First/Bahamas_COP-22%20UNFCCC.pdf
Bahrain,First (Archived),English,30/12/2016,https://www4.unfccc.int/sites/ndcstaging/PublishedDocuments/Bahrain%20First/INDC_Kingdom_of_Bahrain.pdf
Bahrain,First (Updated submission),English,18/10/2021,https://www4.unfccc.int/sites/ndcstaging/PublishedDocuments/Bahrain%20First/NDC%20of%20the%20Kingdom%20of%20Bahrain%20under%20UNFCCC.pdf
Bangladesh,First (Archived),English,21/09/2016,https://www4.unfccc.int/sites/ndcstaging/PublishedDocuments/Bangladesh%20First/INDC_2015_of_Bangladesh.pdf
Bangladesh,First (Interim-Updated submission),English,31/12/2020,https://www4.unfccc.int/sites/ndcstaging/PublishedDocuments/Bangladesh%20First/Updated_NDC_of_Bangladesh.pdf
Bangladesh,First (Updated submission),English,26/08/2021,https://www4.unfccc.int/sites/ndcstaging/PublishedDocuments/Bangladesh%20First/NDC_submission_20210826revised.pdf
Barbados,First (Archived),English,22/04/2016,"https://www4.unfccc.int/sites/ndcstaging/PublishedDocuments/Barbados%20First/Barbados%20INDC%20FINAL%20September%20%2028,%202015.pdf"
Barbados,First (Updated submission),English,30/07/2021,https://www4.unfccc.int/sites/ndcstaging/PublishedDocuments/Barbados%20First/2021%20Barbados%20NDC%20update%20-%2021%20July%202021.pdf
Belarus,First (Archived),Russian,21/09/2016,https://www4.unfccc.int/sites/ndcstaging/PublishedDocuments/Belarus%20First/Belarus_INDC_Rus_25.09.2015.pdf
Belarus,First (Updated submission),Russian,11/10/2021,https://www4.unfccc.int/sites/ndcstaging/PublishedDocuments/Belarus%20First/Belarus_NDC_Russian.pdf
Belarus,First (Archived),English,21/09/2016,https://www4.unfccc.int/sites/ndcstaging/PublishedDocuments/Belarus%20First/Belarus_INDC_Eng_25.09.2015.pdf
Belarus,First (Updated submission),English,11/10/2021,https://www4.unfccc.int/sites/ndcstaging/PublishedDocuments/Belarus%20First/Belarus_NDC_English.pdf
Belarus,First (Updated submission),English,11/10/2021,https://www4.unfccc.int/sites/ndcstaging/PublishedDocuments/Belarus%20First/Belarus_Letter.pdf
Belize,First (Archived),English,20/04/2016,https://www4.unfccc.int/sites/ndcstaging/PublishedDocuments/Belize%20First/BELIZE%27s%20%20NDC.pdf
Belize,First (Updated submission),English,01/09/2021,https://www4.unfccc.int/sites/ndcstaging/PublishedDocuments/Belize%20First/Belize%20Updated%20NDC.pdf
Benin,First (Archived),French,11/10/2017,https://www4.unfccc.int/sites/ndcstaging/PublishedDocuments/Benin%20First/CDN_BENIN_VERSION%20FINALE.pdf
Benin,First (Updated submission),French,12/10/2021,https://www4.unfccc.int/sites/ndcstaging/PublishedDocuments/Benin%20First/CDN_ACTUALISEE_BENIN.pdf
Benin,First (Archived),English,09/09/2018,https://www4.unfccc.int/sites/ndcstaging/PublishedDocuments/Benin%20First/CDN_BENIN_VERSION_ANGLAISE.pdf
Bhutan,Second,English,24/06/2021,https://www4.unfccc.int/sites/ndcstaging/PublishedDocuments/Bhutan%20Second/Second%20NDC%20Bhutan.pdf
Forward Note for submission of,Second,English,24/06/2021,https://www4.unfccc.int/sites/ndcstaging/PublishedDocuments/Bhutan%20Second/Forward%20Note.PDF
Bhutan,First (Archived),English,19/09/2017,https://www4.unfccc.int/sites/ndcstaging/PublishedDocuments/Bhutan%20First/Bhutan-INDC-20150930.pdf
Bolivia (Plurinational State of),First,Spanish,05/10/2016,https://www4.unfccc.int/sites/ndcstaging/PublishedDocuments/Bolivia%20(Plurinational%20State%20of)%20First/ESTADO%20PLURINACIONAL%20DE%20BOLIVIA1.pdf
Bolivia (Plurinational State of),First,English,05/10/2016,https://www4.unfccc.int/sites/ndcstaging/PublishedDocuments/Bolivia%20(Plurinational%20State%20of)%20First/INDC-Bolivia-english.pdf
Bosnia and Herzegovina,First (Updated submission),English,20/04/2021,https://www4.unfccc.int/sites/ndcstaging/PublishedDocuments/Bosnia%20and%20Herzegovina%20First/NDC%20BiH_November%202020%20FINAL%20DRAFT%2005%20Nov%20ENG%20LR.pdf
Bosnia and Herzegovina,First (Archived),English,16/03/2017,https://www4.unfccc.int/sites/ndcstaging/PublishedDocuments/Bosnia%20and%20Herzegovina%20First/INDC%20Bosnia%20and%20Herzegovina.pdf
Botswana,First,English,11/11/2016,https://www4.unfccc.int/sites/ndcstaging/PublishedDocuments/Botswana%20First/BOTSWANA.pdf
Brazil,First (Archived),English,21/09/2016,https://www4.unfccc.int/sites/ndcstaging/PublishedDocuments/Brazil%20First/BRAZIL%20iNDC%20english%20FINAL.pdf
Brazil,First (Updated submission),English,09/12/2020,https://www4.unfccc.int/sites/ndcstaging/PublishedDocuments/Brazil%20First/Brazil%20First%20NDC%20(Updated%20submission).pdf
Brazil,First (Updated submission-letter),English,31/10/2021,https://www4.unfccc.int/sites/ndcstaging/PublishedDocuments/Brazil%20First/2021%20-%20Carta%20MRE.pdf
Brunei Darussalam,First,English,31/12/2020,https://www4.unfccc.int/sites/ndcstaging/PublishedDocuments/Brunei%20Darussalam%20First/Brunei%20Darussalam%27s%20NDC%202020.pdf
Burkina Faso,First (Archived),French,11/11/2016,https://www4.unfccc.int/sites/ndcstaging/PublishedDocuments/Burkina%20Faso%20First/INDC%20BURKINA%20FASO%20280915.pdf
Burkina Faso,First (Updated submission),French,09/10/2021,https://www4.unfccc.int/sites/ndcstaging/PublishedDocuments/Burkina%20Faso%20First/Rapport%20CDN_BKFA.pdf
Burkina Faso,First (Archived),English,11/11/2016,https://www4.unfccc.int/sites/ndcstaging/PublishedDocuments/Burkina%20Faso%20First/INDC%20Burkina_ENG.%20version_finale.pdf
Burundi,First (Archived),French,17/01/2018,https://www4.unfccc.int/sites/ndcstaging/PublishedDocuments/Burundi%20First/CPDN%20BURUNDI.pdf
Burundi,First (Updated submission),French,05/10/2021,https://www4.unfccc.int/sites/ndcstaging/PublishedDocuments/Burundi%20First/CDN%20%20%20Burundi%20ANNEXE%201.pdf
Burundi,First (Archived),English,17/01/2018,https://www4.unfccc.int/sites/ndcstaging/PublishedDocuments/Burundi%20First/Burundi_INDC-english%20version.pdf
Cabo Verde,First(Archived),English,21/09/2017,https://www4.unfccc.int/sites/ndcstaging/PublishedDocuments/Cabo%20Verde%20First/Cabo_Verde_INDC_.pdf
Cabo Verde,First(Updated submission),English,02/04/2021,https://www4.unfccc.int/sites/ndcstaging/PublishedDocuments/Cabo%20Verde%20First/Cabo%20Verde_NDC%20Update%202021.pdf
Cambodia,First (Archived),English,06/02/2017,https://www4.unfccc.int/sites/ndcstaging/PublishedDocuments/Cambodia%20First/Cambodia%27s%20INDC%20to%20the%20UNFCCC.pdf
Cambodia,First (Updated submission),English,31/12/2020,https://www4.unfccc.int/sites/ndcstaging/PublishedDocuments/Cambodia%20First/20201231_NDC_Update_Cambodia.pdf
Cameroon,First (Archived),French,29/07/2016,https://www4.unfccc.int/sites/ndcstaging/PublishedDocuments/Cameroon%20First/CPDN%20CMR%20Final.pdf
Cameroon,First (Updated submission),French,11/10/2021,https://www4.unfccc.int/sites/ndcstaging/PublishedDocuments/Cameroon%20First/CDN%20révisée%20CMR%20finale%20sept%202021.pdf
Cameroon,First (Updated submission),French,11/10/2021,https://www4.unfccc.int/sites/ndcstaging/PublishedDocuments/Cameroon%20First/Lettre%20officielle%20CDN%20Cameroun%202021.pdf
Canada,First  (Archived),French,05/10/2016,https://www4.unfccc.int/sites/ndcstaging/PublishedDocuments/Canada%20First/CPDN%20-%20Canada%20-%20Français.pdf
Canada,First  (Archived),English,05/10/2016,https://www4.unfccc.int/sites/ndcstaging/PublishedDocuments/Canada%20First/INDC%20-%20Canada%20-%20English.pdf
Canada,First  (Archived),French,11/05/2017,https://www4.unfccc.int/sites/ndcstaging/PublishedDocuments/Canada%20First/Première%20CDN%20du%20Canada%20-%20Soumission%20révisée%202017-05-11.pdf
Canada,First  (Archived),English,11/05/2017,https://www4.unfccc.int/sites/ndcstaging/PublishedDocuments/Canada%20First/Canada%20First%20NDC-Revised%20submission%202017-05-11.pdf
Canada,First (updated submission),French,12/07/2021,https://www4.unfccc.int/sites/ndcstaging/PublishedDocuments/Canada%20First/Canada%27s%20Enhanced%20NDC.pdf
Canada,First (updated submission),English,12/07/2021,https://www4.unfccc.int/sites/ndcstaging/PublishedDocuments/Canada%20First/Canada%27s%20Enhanced%20NDC%20Submission1_FINAL%20EN.pdf
Central African Republic,First,French,11/10/2016,https://www4.unfccc.int/sites/ndcstaging/PublishedDocuments/Central%20African%20Republic%20First/CPDN_République%20Centrafricaine.pdf
Central African Republic,First,English,11/10/2016,https://www4.unfccc.int/sites/ndcstaging/PublishedDocuments/Central%20African%20Republic%20First/INDC_République%20Centrafricaine_EN.pdf
Chad,First (Archived),French,12/01/2017,https://www4.unfccc.int/sites/ndcstaging/PublishedDocuments/Chad%20First/CPDN%20TCHAD%20Version%20officielle%2028%20sept%202015.pdf
Chad,First (Updated submission),French,19/10/2021,https://www4.unfccc.int/sites/ndcstaging/PublishedDocuments/Chad%20First/CDN%20ACTUALISEE%20DU%20TCHAD.pdf
Chad,First (Archived),English,12/01/2017,https://www4.unfccc.int/sites/ndcstaging/PublishedDocuments/Chad%20First/INDC%20Chad_Official%20version_English.pdf
Chile,First (Archived),Spanish,10/02/2017,https://www4.unfccc.int/sites/ndcstaging/PublishedDocuments/Chile%20First/Chile%20INDC%20FINAL.pdf
Chile,First (Updated submission),Spanish,09/04/2020,https://www4.unfccc.int/sites/ndcstaging/PublishedDocuments/Chile%20First/NDC_Chile_2020_español.pdf
Chile,First (Updated submission),English,09/04/2020,https://www4.unfccc.int/sites/ndcstaging/PublishedDocuments/Chile%20First/Chile%27s_NDC_2020_english.pdf
Chile,First (Archived),English,10/02/2017,https://www4.unfccc.int/sites/ndcstaging/PublishedDocuments/Chile%20First/INDC%20Chile%20english%20version.pdf
China,First (Archived),English,03/09/2016,https://www4.unfccc.int/sites/ndcstaging/PublishedDocuments/China%20First/China%27s%20First%20NDC%20Submission.pdf
China,First (Updated submission),Chinese,28/10/2021,https://www4.unfccc.int/sites/ndcstaging/PublishedDocuments/China%20First/中国落实国家自主贡献成效和新目标新举措.pdf
China,First (Updated submission),English,28/10/2021,"https://www4.unfccc.int/sites/ndcstaging/PublishedDocuments/China%20First/China’s%20Achievements,%20New%20Goals%20and%20New%20Measures%20for%20Nationally%20Determined%20Contributions.pdf"
China,First (Updated submission letter),Chinese,28/10/2021,https://www4.unfccc.int/sites/ndcstaging/PublishedDocuments/China%20First/cover%20letter.pdf
Colombia,First (Archived),Spanish,12/07/2018,https://www4.unfccc.int/sites/ndcstaging/PublishedDocuments/Colombia%20First/INDC%20Colombia.pdf
Colombia,First (Updated submission),Spanish,30/12/2020,https://www4.unfccc.int/sites/ndcstaging/PublishedDocuments/Colombia%20First/NDC%20actualizada%20de%20Colombia.pdf
Colombia,First-Technical Annex (Updated submission),Spanish,30/12/2020,https://www4.unfccc.int/sites/ndcstaging/PublishedDocuments/Colombia%20First/Adjunto%201.%20Metas%20de%20adaptación_NDC%20de%20Colombia%202020.pdf
Colombia,First-Technical Annex (Updated submission),Spanish,30/12/2020,https://www4.unfccc.int/sites/ndcstaging/PublishedDocuments/Colombia%20First/Adjunto%202.%20%20Medidas%20de%20mitigación_NDC%20de%20Colombia%202020.pdf
Colombia,First (Archived),English,12/07/2018,https://www4.unfccc.int/sites/ndcstaging/PublishedDocuments/Colombia%20First/Colombia%20iNDC%20Unofficial%20translation%20Eng.pdf
Comoros,First,French,23/11/2016,https://www4.unfccc.int/sites/ndcstaging/PublishedDocuments/Comoros%20First/INDC_Comores_Version_Francaise.pdf
Congo,First (Archived),French,21/04/2017,https://www4.unfccc.int/sites/ndcstaging/PublishedDocuments/Congo%20First/NDC_Congo_RAPPORT.pdf
Congo,First (Updated submission),French,02/08/2021,https://www4.unfccc.int/sites/ndcstaging/PublishedDocuments/Congo%20First/CDN_Congo.pdf
Cook Islands,First,English,01/09/2016,https://www4.unfccc.int/sites/ndcstaging/PublishedDocuments/Cook%20Islands%20First/Cook%20Islands%20INDCsFINAL7Nov.pdf
Costa Rica,First (Archived),Spanish,13/10/2016,https://www4.unfccc.int/sites/ndcstaging/PublishedDocuments/Costa%20Rica%20First/INDC%20Costa%20Rica%20Version%202%200%20final%20ES.pdf
Costa Rica,First (Updated submission),Spanish,11/12/2020,https://www4.unfccc.int/sites/ndcstaging/PublishedDocuments/Costa%20Rica%20First/NDC%20Costa%20Rica%202020%20-%20Contribución%20Nacionalmente%20Determinada%20de%20Costa%20Rica%202020%20-%20Metas%20titulares.pdf
Costa Rica,First (Updated submission),Spanish,29/12/2020,https://www4.unfccc.int/sites/ndcstaging/PublishedDocuments/Costa%20Rica%20First/Contribución%20Nacionalmente%20Determinada%20de%20Costa%20Rica%202020%20-%20Versión%20Completa.pdf
Costa Rica,First-English Translation (Archived),English,13/10/2016,https://www4.unfccc.int/sites/ndcstaging/PublishedDocuments/Costa%20Rica%20First/INDC%20Costa%20Rica%20Version%202%200%20final%20ENG.pdf
Cuba,First (Archived),Spanish,30/12/2016,https://www4.unfccc.int/sites/ndcstaging/PublishedDocuments/Cuba%20First/Republic%20of%20Cuba-NDCs-Nov2015.pdf
Cuba,First (Updated submission),Spanish,17/09/2020,https://www4.unfccc.int/sites/ndcstaging/PublishedDocuments/Cuba%20First/Cuban%20First%20NDC%20(Updated%20submission).pdf
Cuba,First Summary (Updated submission),English,17/09/2020,https://www4.unfccc.int/sites/ndcstaging/PublishedDocuments/Cuba%20First/Cuban%20First%20NDC%20Summary%20(Updated%20submission).pdf
Cuba,First (Updated submission),English,10/12/2020,https://www4.unfccc.int/sites/ndcstaging/PublishedDocuments/Cuba%20First/Cuban%20First%20NDC%20(Updated%20submission)1.pdf
Côte d'Ivoire,First,French,25/10/2016,https://www4.unfccc.int/sites/ndcstaging/PublishedDocuments/Côte%20d%27Ivoire%20First/INDC_CI_22092015.pdf
Democratic People's Republic of Korea,First(Archived),English,03/10/2016,https://www4.unfccc.int/sites/ndcstaging/PublishedDocuments/Democratic%20People%27s%20Republic%20of%20Korea%20First/DPRK-INDC%20by%202030.pdf
Democratic People's Republic of Korea,First (Updated submission),English,19/09/2019,https://www4.unfccc.int/sites/ndcstaging/PublishedDocuments/Democratic%20People%27s%20Republic%20of%20Korea%20First/2019.09.19_DPRK%20letter%20to%20SG%20special%20envoy%20for%20NDC.pdf
Democratic Republic of the Congo,First,French,13/12/2017,https://www4.unfccc.int/sites/ndcstaging/PublishedDocuments/Democratic%20Republic%20of%20the%20Congo%20First/CPDN%20-%20Rép%20Dém%20du%20Congo.pdf
Djibouti,First,French,11/11/2016,https://www4.unfccc.int/sites/ndcstaging/PublishedDocuments/Djibouti%20First/CPDN%20Djibouti_9%20-%20CPDN%20-%20Format%20pour%20soumission%20CCNUCC.pdf
Djibouti,First,English,11/11/2016,https://www4.unfccc.int/sites/ndcstaging/PublishedDocuments/Djibouti%20First/INDC-Djibouti_ENG.pdf
Dominica,First,English,21/09/2016,https://www4.unfccc.int/sites/ndcstaging/PublishedDocuments/Dominica%20First/Commonwealth%20of%20Dominica-%20Intended%20Nationally%20Determined%20Contributions%20(INDC).pdf
Dominican Republic,First (Archived),Spanish,21/09/2017,https://www4.unfccc.int/sites/ndcstaging/PublishedDocuments/Dominican%20Republic%20First/INDC-RD%20Agosto%202015%20(español).pdf
Dominican Republic,First (Updated submission),Spanish,29/12/2020,https://www4.unfccc.int/sites/ndcstaging/PublishedDocuments/Dominican%20Republic%20First/Dominican%20Republic%20First%20NDC%20(Updated%20Submission).pdf
Dominican Republic,First (Archived),English,21/09/2017,https://www4.unfccc.int/sites/ndcstaging/PublishedDocuments/Dominican%20Republic%20First/INDC-DR%20August%202015%20(unofficial%20translation).pdf
Ecuador,First,Spanish,29/03/2019,https://www4.unfccc.int/sites/ndcstaging/PublishedDocuments/Ecuador%20First/Primera%20NDC%20Ecuador.pdf
Egypt,First,English,29/06/2017,https://www4.unfccc.int/sites/ndcstaging/PublishedDocuments/Egypt%20First/Egyptian%20INDC.pdf
El Salvador,First (Archived),Spanish,27/03/2017,https://www4.unfccc.int/sites/ndcstaging/PublishedDocuments/El%20Salvador%20First/EL%20SALVADOR-INTENDED%20NATIONALLY%20DETERMINED%20CONTRIBUTION.pdf
El Salvador,First,Spanish,30/10/2017,https://www4.unfccc.int/sites/ndcstaging/PublishedDocuments/El%20Salvador%20First/EL%20SALVADOR-INTENDED%20NATIONALLY%20DETERMINED%20CONTRIBUTION%20B.pdf
Equatorial Guinea,First,Spanish,30/10/2018,https://www4.unfccc.int/sites/ndcstaging/PublishedDocuments/Equatorial%20Guinea%20First/República%20de%20Guinea%20Ecuatorial_INDC.pdf
Eritrea,First,English,19/06/2018,https://www4.unfccc.int/sites/ndcstaging/PublishedDocuments/Eritrea%20First/NRC%20Eritrea.pdf
Eswatini,First (Archived),English,21/09/2016,https://www4.unfccc.int/sites/ndcstaging/PublishedDocuments/Eswatini%20First/Eswatini%27s%20INDC.pdf
Eswatini,First (Updated submission),English,12/10/2021,https://www4.unfccc.int/sites/ndcstaging/PublishedDocuments/Eswatini%20First/Eswatini%27s%20Revised%20NDC%2012%20Oct%202021.docx
Ethiopia,First (Archived),English,09/03/2017,https://www4.unfccc.int/sites/ndcstaging/PublishedDocuments/Ethiopia%20First/INDC-Ethiopia-100615.pdf
Ethiopia,First (Updated submission),English,23/07/2021,https://www4.unfccc.int/sites/ndcstaging/PublishedDocuments/Ethiopia%20First/Ethiopia%27s%20updated%20NDC%20JULY%202021%20Submission_.pdf
Ethiopia,First (Updated submission),English,31/12/2020,https://www4.unfccc.int/sites/ndcstaging/PublishedDocuments/Ethiopia%20First/Ethiopia%27s%20NDC%20update%20summary%202020.pdf
European Union,First (Archived),English,05/10/2016,https://www4.unfccc.int/sites/ndcstaging/PublishedDocuments/European%20Union%20First/LV-03-06-EU%20INDC(Archived).pdf
European Union,First (Updated submission),English,18/12/2020,https://www4.unfccc.int/sites/ndcstaging/PublishedDocuments/European%20Union%20First/EU_NDC_Submission_December%202020.pdf
Fiji,First (Archived),English,22/04/2016,https://www4.unfccc.int/sites/ndcstaging/PublishedDocuments/Fiji%20First/FIJI_iNDC_Final_051115.pdf
Fiji,First (Updated submission),English,31/12/2020,https://www4.unfccc.int/sites/ndcstaging/PublishedDocuments/Fiji%20First/Republic%20of%20Fiji%27s%20Updated%20NDC%2020201.pdf
France,First-Complement (Archived),French,05/10/2016,https://www4.unfccc.int/sites/ndcstaging/PublishedDocuments/France%20First/CDN%20France%20PTOM%20-%205%20octobre%202016.pdf
France,First-Complement (Updated submission),French,04/03/2021,https://www4.unfccc.int/sites/ndcstaging/PublishedDocuments/France%20First/FR%20CDN%20addendum%20révisé%20-%202021.pdf
Gabon,First,French,02/11/2016,https://www4.unfccc.int/sites/ndcstaging/PublishedDocuments/Gabon%20First/20150331%20INDC%20Gabon.pdf
Gambia,Second,English,12/09/2021,https://www4.unfccc.int/sites/ndcstaging/PublishedDocuments/Gambia%20Second/Second%20NDC%20of%20The%20Republic%20of%20The%20Gambia.pdf
Gambia,First (Archived),English,07/11/2016,https://www4.unfccc.int/sites/ndcstaging/PublishedDocuments/Gambia%20First/The%20INDC%20OF%20THE%20GAMBIA.pdf
Georgia,First (Archived),English,08/05/2017,https://www4.unfccc.int/sites/ndcstaging/PublishedDocuments/Georgia%20First/INDC_of_Georgia.pdf
Georgia,First (Updated submission),English,05/05/2021,https://www4.unfccc.int/sites/ndcstaging/PublishedDocuments/Georgia%20First/NDC%20Georgia_ENG%20WEB-approved.pdf
Ghana,First (Archived),English,21/09/2016,https://www4.unfccc.int/sites/ndcstaging/PublishedDocuments/Ghana%20First/GH_INDC_2392015.pdf
Ghana,First (Updated submission),English,04/11/2021,https://www4.unfccc.int/sites/ndcstaging/PublishedDocuments/Ghana%20First/Ghana%27s%20Updated%20Nationally%20Determined%20Contribution%20to%20the%20UNFCCC_2021.pdf
Ghana,First (Archived_Interim updated submission_Transmittal letter),English,15/10/2021,https://www4.unfccc.int/sites/ndcstaging/PublishedDocuments/Ghana%20First/Ghana_Transmittal%20Letter_Interim%20Updated%20NDC.pdf
Greneda,Second,English,01/12/2020,https://www4.unfccc.int/sites/ndcstaging/PublishedDocuments/Grenada%20Second/GrenadaSecondNDC2020%20-%2001-12-20.pdf
Grenada,First (Archived),English,22/04/2016,https://www4.unfccc.int/sites/ndcstaging/PublishedDocuments/Grenada%20First/Grenada%20INDC.pdf
Guatemala,First,Spanish,25/01/2017,https://www4.unfccc.int/sites/ndcstaging/PublishedDocuments/Guatemala%20First/Gobierno%20de%20Guatemala%20INDC-UNFCCC%20Sept%202015.pdf
Guinea,First (Archived),French,21/09/2016,https://www4.unfccc.int/sites/ndcstaging/PublishedDocuments/Guinea%20First/INDC_Guinee_version%20finale.pdf
Guinea,First (Updated submission),French,28/07/2021,https://www4.unfccc.int/sites/ndcstaging/PublishedDocuments/Guinea%20First/CDN%20GUINEE%202021_REVISION_VF.pdf
Guinea,First (Archived),English,21/09/2016,https://www4.unfccc.int/sites/ndcstaging/PublishedDocuments/Guinea%20First/INDC_Guinea_english_version%20UNFCCC.pdf
Guinea-Bissau,First (Archived),English,22/10/2018,https://www4.unfccc.int/sites/ndcstaging/PublishedDocuments/Guinea-Bissau%20First/GUINEA-BISSAU_INDC_Version%20to%20the%20UNFCCC%20(eng).pdf
Guinea,First (Updated submission),English,12/10/2021,https://www4.unfccc.int/sites/ndcstaging/PublishedDocuments/Guinea-Bissau%20First/NDC-Guinea%20Bissau-12102021.Final.pdf
Guyana,First,English,20/05/2016,https://www4.unfccc.int/sites/ndcstaging/PublishedDocuments/Guyana%20First/Guyana%27s%20revised%20NDC%20-%20Final.pdf
Haiti,First,French,31/07/2017,https://www4.unfccc.int/sites/ndcstaging/PublishedDocuments/Haiti%20First/CPDN_Republique%20d%27Haiti.pdf
Honduras,First (Archived),Spanish,21/09/2016,https://www4.unfccc.int/sites/ndcstaging/PublishedDocuments/Honduras%20First/Honduras%20INDC_esp.pdf
Honduras,First (Updated submission),Spanish,19/05/2021,https://www4.unfccc.int/sites/ndcstaging/PublishedDocuments/Honduras%20First/NDC%20de%20Honduras_%20Primera%20Actualización.pdf
Iceland,First (Archived),English,21/09/2016,https://www4.unfccc.int/sites/ndcstaging/PublishedDocuments/Iceland%20First/INDC-ICELAND.pdf
Iceland,First (Updated submission),English,18/02/2021,https://www4.unfccc.int/sites/ndcstaging/PublishedDocuments/Iceland%20First/Iceland_updated_NDC_Submission_Feb_2021.pdf
India,First,English,02/10/2016,https://www4.unfccc.int/sites/ndcstaging/PublishedDocuments/India%20First/INDIA%20INDC%20TO%20UNFCCC.pdf
Indonesia,First (Archived),English,06/11/2016,https://www4.unfccc.int/sites/ndcstaging/PublishedDocuments/Indonesia%20First/First%20NDC%20Indonesia_submitted%20to%20UNFCCC%20Set_November%20%202016.pdf
Indonesia,First (Updated submission),English,22/07/2021,https://www4.unfccc.int/sites/ndcstaging/PublishedDocuments/Indonesia%20First/Updated%20NDC%20Indonesia%202021%20-%20corrected%20version.pdf
Indonesia,First (Updated submission),English,22/07/2021,https://www4.unfccc.int/sites/ndcstaging/PublishedDocuments/Indonesia%20First/S.275%20-%20Indonesia%20Updated%20NDC%20-%20Corrected%20Version.pdf
Iraq,First,Arabic,15/10/2021,https://www4.unfccc.int/sites/ndcstaging/PublishedDocuments/Iraq%20First/Iraq%20NDC%20Document.docx
Israel,First (Archived),English,22/11/2016,https://www4.unfccc.int/sites/ndcstaging/PublishedDocuments/Israel%20First/Israel%20INDC.pdf
Israel,First (Updated submission),English,29/07/2021,https://www4.unfccc.int/sites/ndcstaging/PublishedDocuments/Israel%20First/NDC%20update%20as%20submitted%20to%20the%20UNFCCC.docx
Jamaica,First (Archived),English,10/04/2017,https://www4.unfccc.int/sites/ndcstaging/PublishedDocuments/Jamaica%20First/Jamaica%27s%20INDC_2015-11-25.pdf
Jamaica,First (Updated submission),English,01/07/2020,https://www4.unfccc.int/sites/ndcstaging/PublishedDocuments/Jamaica%20First/Updated%20NDC%20Jamaica%20-%20ICTU%20Guidance.pdf
Japan,First (Archived),English,08/11/2016,https://www4.unfccc.int/sites/ndcstaging/PublishedDocuments/Japan%20First/20150717_Japan%27s%20INDC.pdf
Japan,First (Archived),English,31/03/2020,https://www4.unfccc.int/sites/ndcstaging/PublishedDocuments/Japan%20First/SUBMISSION%20OF%20JAPAN%27S%20NATIONALLY%20DETERMINED%20CONTRIBUTION%20(NDC).PDF
Japan,First (Interim-updated submission),English,12/10/2021,https://www4.unfccc.int/sites/ndcstaging/PublishedDocuments/Japan%20First/JAPAN_FIRST%20NDC%20(INTERIM-UPDATED%20SUBMISSION).pdf
Japan,First (Updated submission),English,22/10/2021,https://www4.unfccc.int/sites/ndcstaging/PublishedDocuments/Japan%20First/JAPAN_FIRST%20NDC%20(UPDATED%20SUBMISSION).pdf
Jordan,First (Archived),English,04/11/2016,https://www4.unfccc.int/sites/ndcstaging/PublishedDocuments/Jordan%20First/Jordan%20INDCs%20Final.pdf
Jordan,First (Updated submission),English,12/10/2021,https://www4.unfccc.int/sites/ndcstaging/PublishedDocuments/Jordan%20First/UPDATED%20SUBMISSION%20OF%20JORDANS.pdf
Kazakhstan,First,English,06/12/2016,https://www4.unfccc.int/sites/ndcstaging/PublishedDocuments/Kazakhstan%20First/INDC%20Kz_eng.pdf
Kenya,First (Archived),English,28/12/2016,https://www4.unfccc.int/sites/ndcstaging/PublishedDocuments/Kenya%20First/Kenya_NDC_20150723.pdf
Kenya,First (Updated submission),English,28/12/2020,https://www4.unfccc.int/sites/ndcstaging/PublishedDocuments/Kenya%20First/Kenya%27s%20First%20%20NDC%20(updated%20version).pdf
Kiribati,First,English,21/09/2016,https://www4.unfccc.int/sites/ndcstaging/PublishedDocuments/Kiribati%20First/INDC_KIRIBATI.pdf
Kuwait,First (Archived),Arabic,23/04/2018,https://www4.unfccc.int/sites/ndcstaging/PublishedDocuments/Kuwait%20First/Kuwait%20First%20NDC.pdf
Kuwait,First (Updated submission),Arabic,12/10/2021,https://www4.unfccc.int/sites/ndcstaging/PublishedDocuments/Kuwait%20First/Kuwait%20updating%20the%20first%20NDC-arabic.pdf
Kuwait,First (Archived),English,23/04/2018,https://www4.unfccc.int/sites/ndcstaging/PublishedDocuments/Kuwait%20First/Kuwait%20First%20NDC_English.pdf
Kuwait,First (Updated submission),English,12/10/2021,https://www4.unfccc.int/sites/ndcstaging/PublishedDocuments/Kuwait%20First/Kuwait%20updating%20the%20first%20NDC-English.pdf
Kyrgyzstan,First (Archived),Russian,18/02/2020,https://www4.unfccc.int/sites/ndcstaging/PublishedDocuments/Kyrgyzstan%20First/Kyrgyzstan%20INDC_RUS_final.pdf
Kyrgyzstan,First (Updated submission),Russian,09/10/2021,https://www4.unfccc.int/sites/ndcstaging/PublishedDocuments/Kyrgyzstan%20First/ОНУВ%20РУС%20от%2008102021.pdf
Kyrgyzstan,First (Archived),English,18/02/2020,https://www4.unfccc.int/sites/ndcstaging/PublishedDocuments/Kyrgyzstan%20First/Kyrgyzstan%20INDC%20_ENG_%20final.pdf
Kyrgyzstan,First (Updated submission),English,09/10/2021,https://www4.unfccc.int/sites/ndcstaging/PublishedDocuments/Kyrgyzstan%20First/ОНУВ%20ENG%20от%2008102021.pdf
Lao People's Democratic Republic,First (Archived),English,07/09/2016,https://www4.unfccc.int/sites/ndcstaging/PublishedDocuments/Lao%20People%27s%20Democratic%20Republic%20First/Lao%20People%27s%20Democratic%20Republic%20First%20NDC.pdf
Lao People's Democratic Republic,First (Updated submission),English,11/05/2021,"https://www4.unfccc.int/sites/ndcstaging/PublishedDocuments/Lao%20People%27s%20Democratic%20Republic%20First/NDC%202020%20of%20Lao%20PDR%20(English),%2009%20April%202021%20(1).pdf"
Lebanon,First (Archived),English,05/02/2020,https://www4.unfccc.int/sites/ndcstaging/PublishedDocuments/Lebanon%20First/Republic%20of%20Lebanon%20-%20INDC%20-%20September%202015.pdf
Lebanon,First (Updated submission),English,16/03/2021,https://www4.unfccc.int/sites/ndcstaging/PublishedDocuments/Lebanon%20First/Lebanon%27s%202020%20Nationally%20Determined%20Contribution%20Update.pdf
Lesotho,First(Archived),English,20/01/2017,https://www4.unfccc.int/sites/ndcstaging/PublishedDocuments/Lesotho%20First/Lesotho%27s%20INDC%20Report%20%20-%20September%202015.pdf
Lesotho,First,English,22/06/2018,https://www4.unfccc.int/sites/ndcstaging/PublishedDocuments/Lesotho%20First/Lesotho%20First%20NDC.pdf
Liberia,First (Archived),English,27/08/2018,https://www4.unfccc.int/sites/ndcstaging/PublishedDocuments/Liberia%20First/INDC%20Final%20Submission%20Sept%2030%202015%20Liberia.pdf
Liberia,First (Updated submission),English,04/08/2021,https://www4.unfccc.int/sites/ndcstaging/PublishedDocuments/Liberia%20First/Liberia%27s%20Updated%20NDC_RL_FINAL%20(002).pdf
Liechtenstein,First,English,20/09/2017,https://www4.unfccc.int/sites/ndcstaging/PublishedDocuments/Liechtenstein%20First/150422_INDC_FL.pdf
Madagascar,First,French,21/09/2016,https://www4.unfccc.int/sites/ndcstaging/PublishedDocuments/Madagascar%20First/Madagascar%20INDC.pdf
Madagascar,First,English,21/09/2016,https://www4.unfccc.int/sites/ndcstaging/PublishedDocuments/Madagascar%20First/Madagascar%20INDC%20Eng.pdf
Malawi,First (Archived),English,29/06/2017,https://www4.unfccc.int/sites/ndcstaging/PublishedDocuments/Malawi%20First/MALAWI%20INDC%20SUBMITTED%20TO%20UNFCCC%20REV.pdf
Malawi,First (Updated submission),English,30/07/2021,https://www4.unfccc.int/sites/ndcstaging/PublishedDocuments/Malawi%20First/Malawi%20Updated%20NDC%20July%202021%20submitted.pdf
Malaysia,First (Archived),English,16/11/2016,https://www4.unfccc.int/sites/ndcstaging/PublishedDocuments/Malaysia%20First/INDC%20Malaysia%20Final%2027%20November%202015%20Revised%20Final%20UNFCCC.pdf
Malaysia,First (Updated submission),English,30/07/2021,https://www4.unfccc.int/sites/ndcstaging/PublishedDocuments/Malaysia%20First/Malaysia%20NDC%20Updated%20Submission%20to%20UNFCCC%20July%202021%20final.pdf
Maldives,First (Archived),English,22/04/2016,https://www4.unfccc.int/sites/ndcstaging/PublishedDocuments/Maldives%20First/Maldives%20INDC.pdf
Maldives,First (Updated submission),English,28/12/2020,https://www4.unfccc.int/sites/ndcstaging/PublishedDocuments/Maldives%20First/Maldives%20Nationally%20Determined%20Contribution%202020.pdf
Mali,First (Archived),French,23/09/2016,https://www4.unfccc.int/sites/ndcstaging/PublishedDocuments/Mali%20First/Mali_revised%20NDC.pdf
Mali,First (Updated submission),French,11/10/2021,https://www4.unfccc.int/sites/ndcstaging/PublishedDocuments/Mali%20First/MALI%20First%20NDC%20update.pdf
Marshall Islands,Second (Archived),English,22/11/2018,https://www4.unfccc.int/sites/ndcstaging/PublishedDocuments/Marshall%20Islands%20Second/20181122%20Marshall%20Islands%20NDC%20to%20UNFCCC%2022%20November%202018%20FINAL.pdf
Marshall Islands,Second (Updated submission),English,31/12/2020,https://www4.unfccc.int/sites/ndcstaging/PublishedDocuments/Marshall%20Islands%20Second/RMI%20NDC-UpdateUPDATED_01.20.2021.pdf
Letter to UNFCCC regarding,Second (Archived),English,22/11/2018,https://www4.unfccc.int/sites/ndcstaging/PublishedDocuments/Marshall%20Islands%20Second/20181122%20Marshall%20Islands%20NDC%20Minister%20Paul%20to%20UNFCCC%2022%20November%202018%20FINAL.pdf
Marshall Islands,First (Archived),English,22/04/2016,https://www4.unfccc.int/sites/ndcstaging/PublishedDocuments/Marshall%20Islands%20First/150721%20RMI%20INDC%20JULY%202015%20FINAL%20SUBMITTED.pdf
Mauritania,First (Archived),French,27/02/2017,https://www4.unfccc.int/sites/ndcstaging/PublishedDocuments/Mauritania%20First/INDC%20MAURITANIA.pdf
Mauritania,First (Updated submission),French,12/10/2021,https://www4.unfccc.int/sites/ndcstaging/PublishedDocuments/Mauritania%20First/CDN-actualisé%202021_%20Mauritania.pdf
Mauritius,First (Archived),English,22/04/2016,https://www4.unfccc.int/sites/ndcstaging/PublishedDocuments/Mauritius%20First/Final%20INDC%20for%20Mauritius%2028%20Sept%202015.pdf
Mauritius,First (Updated submission),English,05/10/2021,https://www4.unfccc.int/sites/ndcstaging/PublishedDocuments/Mauritius%20First/Final%20Updated%20NDC%20for%20the%20Republic%20of%20Mauritius%2001%20October%202021.docx
Mexico,First (Archived),English,21/09/2016,https://www4.unfccc.int/sites/ndcstaging/PublishedDocuments/Mexico%20First/MEXICO%20INDC%2003.30.2015.pdf
Mexico,First (Updated submission),Spanish,30/12/2020,https://www4.unfccc.int/sites/ndcstaging/PublishedDocuments/Mexico%20First/NDC-Esp-30Dic.pdf
Mexico,First (Updated submission),English,30/12/2020,https://www4.unfccc.int/sites/ndcstaging/PublishedDocuments/Mexico%20First/NDC-Eng-Dec30.pdf
Micronesia (Federated State of),First,English,15/09/2016,https://www4.unfccc.int/sites/ndcstaging/PublishedDocuments/Micronesia%20(Federated%20State%20of)%20First/Micronesia%20(Federated%20State%20of)%20First%20NDC.pdf
Monaco,First (Archived),French,26/10/2016,https://www4.unfccc.int/sites/ndcstaging/PublishedDocuments/Monaco%20First/Contribution%20nationale%20Monaco.pdf
Monaco,First (Archived),English,26/10/2016,https://www4.unfccc.int/sites/ndcstaging/PublishedDocuments/Monaco%20First/Monaco_INDC.pdf
Monaco,First (Updated submission),French,28/12/2020,https://www4.unfccc.int/sites/ndcstaging/PublishedDocuments/Monaco%20First/Monaco_NDC_2020.pdf
Mongolia,First (Archived),English,21/09/2016,https://www4.unfccc.int/sites/ndcstaging/PublishedDocuments/Mongolia%20First/150924_INDCs%20of%20Mongolia.pdf
Mongolia,First (Updated submission),English,13/10/2020,https://www4.unfccc.int/sites/ndcstaging/PublishedDocuments/Mongolia%20First/First%20Submission%20of%20Mongolia%27s%20NDC.pdf
Montenegro,First (Archived),English,21/12/2017,https://www4.unfccc.int/sites/ndcstaging/PublishedDocuments/Montenegro%20First/INDCSubmission_%20Montenegro.pdf
Montenegro,First (Updated submission),English,15/06/2021,https://www4.unfccc.int/sites/ndcstaging/PublishedDocuments/Montenegro%20First/Updated%20NDC%20for%20Montenegro.pdf
Morocco,First (Archived),French,19/09/2016,https://www4.unfccc.int/sites/ndcstaging/PublishedDocuments/Morocco%20First/Morocco%20First%20NDC.pdf
Morocco,First (Updated submission),French,22/06/2021,https://www4.unfccc.int/sites/ndcstaging/PublishedDocuments/Morocco%20First/Moroccan%20updated%20NDC%202021%20_Fr.pdf
Morocco,First-English (Archived),English,19/09/2016,https://www4.unfccc.int/sites/ndcstaging/PublishedDocuments/Morocco%20First/Morocco%20First%20NDC-English.pdf
Mozambique,First,English,04/06/2018,https://www4.unfccc.int/sites/ndcstaging/PublishedDocuments/Mozambique%20First/MOZ_INDC_Final_Version.pdf
Myanmar,First (Archived),English,19/09/2017,https://www4.unfccc.int/sites/ndcstaging/PublishedDocuments/Myanmar%20First/Myanmar%27s%20INDC.pdf
Myanmar,First (Updated submission),English,03/08/2021,https://www4.unfccc.int/sites/ndcstaging/PublishedDocuments/Myanmar%20First/Myanmar%20Updated%20%20NDC%20July%202021.pdf
Namibia,First (Archived),English,21/09/2016,https://www4.unfccc.int/sites/ndcstaging/PublishedDocuments/Namibia%20First/INDC%20of%20Namibia%20Final%20pdf.pdf
Namibia,First (Updated submission),English,30/07/2021,https://www4.unfccc.int/sites/ndcstaging/PublishedDocuments/Namibia%20First/Namibia%27s%20Updated%20NDC_%20FINAL%2025%20July%202021.pdf
Nauru,First (Archived),English,07/04/2016,https://www4.unfccc.int/sites/ndcstaging/PublishedDocuments/Nauru%20First/Nauru_NDC.pdf
Nauru,First (Updated submission),English,14/10/2021,https://www4.unfccc.int/sites/ndcstaging/PublishedDocuments/Nauru%20First/Nauru%20Updated%20NDC%20pdf.pdf
Nepal,Second,English,08/12/2020,https://www4.unfccc.int/sites/ndcstaging/PublishedDocuments/Nepal%20Second/Second%20Nationally%20Determined%20Contribution%20(NDC)%20-%202020.pdf
Nepal,First (Archived),English,05/10/2016,https://www4.unfccc.int/sites/ndcstaging/PublishedDocuments/Nepal%20First/Nepal%20First%20NDC.pdf
New Zealand,First,English,05/10/2016,https://www4.unfccc.int/sites/ndcstaging/PublishedDocuments/New%20Zealand%20First/New%20Zealand%20first%20NDC%20(Archived).pdf
New Zealand,First (Updated submission),English,03/11/2021,https://www4.unfccc.int/sites/ndcstaging/PublishedDocuments/New%20Zealand%20First/New%20Zealand%20NDC%20November%202021.pdf
Nicaragua,First (Archived),Spanish,03/09/2018,https://www4.unfccc.int/sites/ndcstaging/PublishedDocuments/Nicaragua%20First/Contribucion%20Nacionalmente%20Determinada%20Nicaragua.pdf
Nicaragua,First (Updated submission),Spanish,24/12/2020,https://www4.unfccc.int/sites/ndcstaging/PublishedDocuments/Nicaragua%20First/Contribuciones_Nacionales_Determinadas_Nicaragua.pdf
Niger,First,French,21/09/2016,https://www4.unfccc.int/sites/ndcstaging/PublishedDocuments/Niger%20First/Niger-INDC-versionfinale.pdf
Niger,First,English,21/09/2016,https://www4.unfccc.int/sites/ndcstaging/PublishedDocuments/Niger%20First/Niger-INDC-final_Eng.pdf
Nigeria,First (Archived),English,16/05/2017,https://www4.unfccc.int/sites/ndcstaging/PublishedDocuments/Nigeria%20First/Approved%20Nigeria%27s%20INDC_271115.pdf
Nigeria,First (Archived),English,27/05/2021,https://www4.unfccc.int/sites/ndcstaging/PublishedDocuments/Nigeria%20First/NDC%20INTERIM%20REPORT%20SUBMISSION%20-%20NIGERIA.pdf
Nigeria,First (Updated submission),English,30/07/2021,https://www4.unfccc.int/sites/ndcstaging/PublishedDocuments/Nigeria%20First/NIGERIA%202021%20NDC-FINAL.pdf
Niue,First,English,28/10/2016,https://www4.unfccc.int/sites/ndcstaging/PublishedDocuments/Niue%20First/Niue%20INDC%20Final.pdf
Norway,First (Archived),English,20/06/2016,https://www4.unfccc.int/sites/ndcstaging/PublishedDocuments/Norway%20First/NorwayINDC%20(Archived).pdf
Norway,First (Updated submission),English,07/02/2020,https://www4.unfccc.int/sites/ndcstaging/PublishedDocuments/Norway%20First/Norway_updatedNDC_2020%20(Updated%20submission).pdf
Oman,Second,English,29/07/2021,https://www4.unfccc.int/sites/ndcstaging/PublishedDocuments/Oman%20Second/Second%20NDC%20Report%20Oman.pdf
Oman,First (Archived),Arabic,22/05/2019,https://www4.unfccc.int/sites/ndcstaging/PublishedDocuments/Oman%20First/OMAN%20INDCs.pdf
Pakistan,First (Archived),English,10/11/2016,https://www4.unfccc.int/sites/ndcstaging/PublishedDocuments/Pakistan%20First/Pak-INDC.pdf
Pakistan,First (Abridged version of updated submission),English,12/10/2021,https://www4.unfccc.int/sites/ndcstaging/PublishedDocuments/Pakistan%20First/Abridged%20Version%20of%20Updated%20Pakistan%20NDCs.docx
Pakistan,First (Updated submission),English,21/10/2021,https://www4.unfccc.int/sites/ndcstaging/PublishedDocuments/Pakistan%20First/Pakistan%20Updated%20NDC%202021.pdf
Palau,First,English,22/04/2016,https://www4.unfccc.int/sites/ndcstaging/PublishedDocuments/Palau%20First/Palau_INDC.Final%20Copy.pdf
Panama,First (Archived),Spanish,18/04/2016,https://www4.unfccc.int/sites/ndcstaging/PublishedDocuments/Panama%20First/PANAMA%20NDC.pdf
Panama,First (Updated submission),Spanish,28/12/2020,https://www4.unfccc.int/sites/ndcstaging/PublishedDocuments/Panama%20First/CDN1%20Actualizada%20República%20de%20Panamá.pdf
Papua New Guinea,Second Summary,English,16/12/2020,https://www4.unfccc.int/sites/ndcstaging/PublishedDocuments/Papua%20New%20Guinea%20Second/PNG%20Enhanced%20NDC%202020%20Summary.pdf
Papua New Guinea,Second,English,16/12/2020,https://www4.unfccc.int/sites/ndcstaging/PublishedDocuments/Papua%20New%20Guinea%20Second/PNG%20Second%20NDC.pdf
Papua New Guinea,First (Archived),English,24/03/2016,https://www4.unfccc.int/sites/ndcstaging/PublishedDocuments/Papua%20New%20Guinea%20First/PNG_INDC%20to%20the%20UNFCCC.pdf
Paraguay,First (Archived),Spanish,14/10/2016,https://www4.unfccc.int/sites/ndcstaging/PublishedDocuments/Paraguay%20First/Documento%20INDC%20Paraguay%2001-10-15.pdf
Paraguay,First (Updated submission),Spanish,16/07/2021,https://www4.unfccc.int/sites/ndcstaging/PublishedDocuments/Paraguay%20First/ACTUALIZACIÓN%20DE%20LA%20NDC%20DEL%20PARAGUAY_Versión%20Final.pdf
Peru,First (Archived),Spanish,25/07/2016,https://www4.unfccc.int/sites/ndcstaging/PublishedDocuments/Peru%20First/iNDC%20Perú%20castellano.pdf
Peru,First (Updated submission),Spanish,18/12/2020,https://www4.unfccc.int/sites/ndcstaging/PublishedDocuments/Peru%20First/Reporte%20de%20Actualización%20de%20las%20NDC%20del%20Perú.pdf
Peru,First (Archived),English,25/07/2016,https://www4.unfccc.int/sites/ndcstaging/PublishedDocuments/Peru%20First/iNDC%20Perú%20english.pdf
Philippines,First,English,15/04/2021,https://www4.unfccc.int/sites/ndcstaging/PublishedDocuments/Philippines%20First/Philippines%20-%20NDC.pdf
Qatar,First (Archived),Arabic,23/06/2017,https://www4.unfccc.int/sites/ndcstaging/PublishedDocuments/Qatar%20First/Qatar%20INDCs%20Report%20-%20Arabic.pdf
Qatar,First (Updated submission),Arabic,24/08/2021,https://www4.unfccc.int/sites/ndcstaging/PublishedDocuments/Qatar%20First/Qatar%20NDC%20-%20Arabic.pdf
Qatar,First (Archived),English,23/06/2017,https://www4.unfccc.int/sites/ndcstaging/PublishedDocuments/Qatar%20First/Qatar%20INDCs%20Report%20-English.pdf
Qatar,First (Updated submission),English,24/08/2021,https://www4.unfccc.int/sites/ndcstaging/PublishedDocuments/Qatar%20First/Qatar%20NDC.pdf
Submission letter_Qatar,First (Updated submission),English,24/08/2021,https://www4.unfccc.int/sites/ndcstaging/PublishedDocuments/Qatar%20First/submit%20the%20Nationally%20Determined%20Contribution%20to%20Executive%20Secretary%20of%20UNFCC.pdf
Republic of Korea,First (Archived),English,03/11/2016,https://www4.unfccc.int/sites/ndcstaging/PublishedDocuments/Republic%20of%20Korea%20First/INDC%20Submission%20by%20the%20Republic%20of%20Korea%20on%20June%2030.pdf
Republic of Korea,First (Updated submission),English,30/12/2020,https://www4.unfccc.int/sites/ndcstaging/PublishedDocuments/Republic%20of%20Korea%20First/201230_ROK%27s%20Update%20of%20its%20First%20NDC_editorial%20change.pdf
Republic of Moldova,First (Archived),English,20/06/2017,https://www4.unfccc.int/sites/ndcstaging/PublishedDocuments/Republic%20of%20Moldova%20First/INDC_Republic_of_Moldova_25.09.2015.pdf
Republic of Moldova,First (Updated submission),English,04/03/2020,https://www4.unfccc.int/sites/ndcstaging/PublishedDocuments/Republic%20of%20Moldova%20First/MD_Updated_NDC_final_version_EN.pdf
Russian Federation,First,Russian,25/11/2020,https://www4.unfccc.int/sites/ndcstaging/PublishedDocuments/Russian%20Federation%20First/NDC_RF_ru.pdf
Russian Federation,First,English,25/11/2020,https://www4.unfccc.int/sites/ndcstaging/PublishedDocuments/Russian%20Federation%20First/NDC_RF_eng.pdf
Rwanda,First (Archived),English,06/10/2016,https://www4.unfccc.int/sites/ndcstaging/PublishedDocuments/Rwanda%20First/INDC_Rwanda_Nov.2015.pdf
Rwanda,First (Updated submission),English,20/05/2020,https://www4.unfccc.int/sites/ndcstaging/PublishedDocuments/Rwanda%20First/Rwanda_Updated_NDC_May_2020.pdf
Saint Kitts and Nevis,First (Archived),English,22/04/2016,https://www4.unfccc.int/sites/ndcstaging/PublishedDocuments/Saint%20Kitts%20and%20Nevis%20First/St.%20Kitts%20and%20Nevis%20INDC.pdf
Saint Kitts and Nevis,First (Updated submission),English,25/10/2021,https://www4.unfccc.int/sites/ndcstaging/PublishedDocuments/Saint%20Kitts%20and%20Nevis%20First/St.%20Kitts%20and%20Nevis%20Revised%20NDC_Updated.pdf
Saint Lucia,First (Archived),English,22/04/2016,https://www4.unfccc.int/sites/ndcstaging/PublishedDocuments/Saint%20Lucia%20First/Saint%20Lucia%27s%20INDC%2018th%20November%202015.pdf
Saint Lucia,First (Updated submission),English,27/01/2021,https://www4.unfccc.int/sites/ndcstaging/PublishedDocuments/Saint%20Lucia%20First/Saint%20Lucia%20First%20NDC%20(Updated%20submission).pdf
Saint Vincent and the Grenadines,First,English,29/06/2016,https://www4.unfccc.int/sites/ndcstaging/PublishedDocuments/Saint%20Vincent%20and%20the%20Grenadines%20First/Saint%20Vincent%20and%20the%20Grenadines_NDC.pdf
Samoa,Second,English,30/07/2021,https://www4.unfccc.int/sites/ndcstaging/PublishedDocuments/Samoa%20Second/Samoa%27s%20Second%20NDC%20for%20UNFCCC%20Submission.pdf
Samoa,First (Archived),English,22/04/2016,https://www4.unfccc.int/sites/ndcstaging/PublishedDocuments/Samoa%20First/Samoa%20INDC_Submission%20to%20UNFCCC.pdf
San Marino,First,English,26/09/2018,https://www4.unfccc.int/sites/ndcstaging/PublishedDocuments/San%20Marino%20First/SAN%20MARINO%20INDC%20EN.pdf
Sao Tome and Principe,First (Archived),English,02/11/2016,https://www4.unfccc.int/sites/ndcstaging/PublishedDocuments/Sao%20Tome%20and%20Principe%20First/STP_INDC%20_Ingles_30.09.pdf
Sao Tome and Principe,First (Updated submission),English,30/07/2021,https://www4.unfccc.int/sites/ndcstaging/PublishedDocuments/Sao%20Tome%20and%20Principe%20First/Updated_NDC_STP_2021_EN_.pdf
Saudi Arabia,First (Archived),Arabic,03/11/2016,https://www4.unfccc.int/sites/ndcstaging/PublishedDocuments/Saudi%20Arabia%20First/KSA-INDCs%20Arabic.pdf
Saudi Arabia,First (Updated submission),English,23/10/2021,https://www4.unfccc.int/sites/ndcstaging/PublishedDocuments/Saudi%20Arabia%20First/KSA%20NDC%202021%20FINAL%20v24%20Submitted%20to%20UNFCCC.pdf
Saudi Arabia,First (Archived),English,03/11/2016,https://www4.unfccc.int/sites/ndcstaging/PublishedDocuments/Saudi%20Arabia%20First/KSA-INDCs%20English.pdf
Saudi Arabia,First (Updated submission),English,23/10/2021,https://www4.unfccc.int/sites/ndcstaging/PublishedDocuments/Saudi%20Arabia%20First/To%20UNFCCC-%201st%20Updated%20NDC%20Submission%20letter.PDF
Senegal,First,French,29/12/2020,https://www4.unfccc.int/sites/ndcstaging/PublishedDocuments/Senegal%20First/CDNSenegal%20approuvée-pdf-.pdf
Serbia,First,English,25/07/2017,https://www4.unfccc.int/sites/ndcstaging/PublishedDocuments/Serbia%20First/Republic_of_Serbia.pdf
Seychelles,First (Archived),English,29/04/2016,https://www4.unfccc.int/sites/ndcstaging/PublishedDocuments/Seychelles%20First/INDC%20of%20Seychelles.pdf
Seychelles,First (Updated submission),English,30/07/2021,https://www4.unfccc.int/sites/ndcstaging/PublishedDocuments/Seychelles%20First/Seychelles%20-%20NDC_Jul30th%202021%20_Final.pdf
Sierra Leone,First (Archived),English,01/11/2016,https://www4.unfccc.int/sites/ndcstaging/PublishedDocuments/Sierra%20Leone%20First/SIERRA%20LEONE%20INDC.pdf
Sierra Leone,First (Updated submission),English,31/07/2021,https://www4.unfccc.int/sites/ndcstaging/PublishedDocuments/Sierra%20Leone%20First/210804%202125%20SL%20NDC%20(1).pdf
Singapore,First (Archived),English,21/09/2016,https://www4.unfccc.int/sites/ndcstaging/PublishedDocuments/Singapore%20First/Singapore%20INDC.pdf
Singapore,First (Updated submission),English,31/03/2020,https://www4.unfccc.int/sites/ndcstaging/PublishedDocuments/Singapore%20First/Singapore%27s%20Update%20of%201st%20NDC.pdf
Solomon Islands,First (Archived),English,21/09/2016,https://www4.unfccc.int/sites/ndcstaging/PublishedDocuments/Solomon%20Islands%20First/SOLOMON%20ISLANDS%20INDC.pdf
Solomon Islands,First (Updated submission),English,19/07/2021,https://www4.unfccc.int/sites/ndcstaging/PublishedDocuments/Solomon%20Islands%20First/NDC%20Report%202021%20Final%20Solomon%20Islands%20(1).pdf
Somalia,First (Archived),English,22/04/2016,https://www4.unfccc.int/sites/ndcstaging/PublishedDocuments/Somalia%20First/Somalia%27s%20INDCs.pdf
Somalia,First (Updated submission),English,31/07/2021,https://www4.unfccc.int/sites/ndcstaging/PublishedDocuments/Somalia%20First/Final%20Updated%20NDC%20for%20Somalia%202021.pdf
South Africa,First (Archived),English,01/11/2016,https://www4.unfccc.int/sites/ndcstaging/PublishedDocuments/South%20Africa%20First/South%20Africa.pdf
South Africa,First (Updated submission),English,27/09/2021,https://www4.unfccc.int/sites/ndcstaging/PublishedDocuments/South%20Africa%20First/South%20Africa%20updated%20first%20NDC%20September%202021.pdf
South Sudan,Second,English,21/09/2021,https://www4.unfccc.int/sites/ndcstaging/PublishedDocuments/South%20Sudan%20Second/South%20Sudan%27s%20Second%20Nationally%20Determined%20Contribution.pdf
South Sudan,First,English,23/02/2021,https://www4.unfccc.int/sites/ndcstaging/PublishedDocuments/South%20Sudan%20First/South%20Sudan%20Intended%20Nationally%20Determined%20%20%20%20Contribution.pdf
Sri Lanka,First (Archived),English,06/11/2016,https://www4.unfccc.int/sites/ndcstaging/PublishedDocuments/Sri%20Lanka%20First/NDCs%20of%20Sri%20Lanka.pdf
Sri Lanka,First (Archived-Updated submission),English,30/07/2021,https://www4.unfccc.int/sites/ndcstaging/PublishedDocuments/Sri%20Lanka%20First/NDCs%20of%20Sri%20Lanka-2021.pdf
Sri Lanka,First (Updated submission),English,24/09/2021,https://www4.unfccc.int/sites/ndcstaging/PublishedDocuments/Sri%20Lanka%20First/Amendmend%20to%20the%20Updated%20Nationally%20Determined%20Contributions%20of%20Sri%20Lanka.pdf
State of Palestine,First (Archived),English,21/08/2017,https://www4.unfccc.int/sites/ndcstaging/PublishedDocuments/State%20of%20Palestine%20First/State%20of%20Palestine%20First%20NDC.pdf
State of Palestine,First (Updated submission),English,10/10/2021,https://www4.unfccc.int/sites/ndcstaging/PublishedDocuments/State%20of%20Palestine%20First/Updated%20NDC_%20State%20of%20Palestine_2021_FINAL.pdf
State of Palestine,First (Archived),Arabic,28/08/2017,https://www4.unfccc.int/sites/ndcstaging/PublishedDocuments/State%20of%20Palestine%20First/NDC_State%20of%20Palestine_Arabic.pdf
Sudan,First (Archived),English,02/08/2017,https://www4.unfccc.int/sites/ndcstaging/PublishedDocuments/Sudan%20First/28Oct15-Sudan%20INDC.pdf
Sudan,First (Interim updated submission),English,31/05/2021,https://www4.unfccc.int/sites/ndcstaging/PublishedDocuments/Sudan%20First/Sudan%20Updated%20First%20NDC-Interim%20Submission.pdf
Suriname,Second,English,09/12/2019,https://www4.unfccc.int/sites/ndcstaging/PublishedDocuments/Suriname%20Second/Suriname%20Second%20NDC.pdf
Suriname,First(Archived),English,13/02/2019,https://www4.unfccc.int/sites/ndcstaging/PublishedDocuments/Suriname%20First/Suriname%20First%20NDC.pdf
Switzerland,First (Archived),English,06/10/2017,https://www4.unfccc.int/sites/ndcstaging/PublishedDocuments/Switzerland%20First/15%2002%2027_INDC%20Contribution%20of%20Switzerland.pdf
Switzerland,First (Updated submission),English,09/12/2020,https://www4.unfccc.int/sites/ndcstaging/PublishedDocuments/Switzerland%20First/Switzerland_Full%20NDC%20Communication%202021-2030%20incl%20ICTU.pdf
Syrian Arab Republic,First,Arabic,30/11/2018,https://www4.unfccc.int/sites/ndcstaging/PublishedDocuments/Syrian%20Arab%20Republic%20First/First%20NDC_Syrian%20Arab%20Republic.pdf
Syrian Arab Republic,First,English,13/03/2019,https://www4.unfccc.int/sites/ndcstaging/PublishedDocuments/Syrian%20Arab%20Republic%20First/FirstNDC-Eng-Syrian%20Arab%20Republic.pdf
Tajikistan,First (Archived),Russian,22/03/2017,https://www4.unfccc.int/sites/ndcstaging/PublishedDocuments/Tajikistan%20First/INDC-TJK%20final%20RUS%2021%20сент.pdf
Tajikistan,First (Updated submission),Russian,12/10/2021,https://www4.unfccc.int/sites/ndcstaging/PublishedDocuments/Tajikistan%20First/NDC_TAJIKISTAN_RUSS.pdf
Tajikistan,First (Archived),English,22/03/2017,https://www4.unfccc.int/sites/ndcstaging/PublishedDocuments/Tajikistan%20First/INDC-TJK%20final%20ENG.pdf
Tajikistan,First (Updated submission),English,12/10/2021,https://www4.unfccc.int/sites/ndcstaging/PublishedDocuments/Tajikistan%20First/NDC_TAJIKISTAN_ENG.pdf
Tajikistan,First (Updated submission letter),English,12/10/2021,https://www4.unfccc.int/sites/ndcstaging/PublishedDocuments/Tajikistan%20First/NDC_Letter_TJK.pdf
Thailand,First (Archived),English,21/09/2016,https://www4.unfccc.int/sites/ndcstaging/PublishedDocuments/Thailand%20First/Thailand_INDC.pdf
Thailand,First (Updated submission),English,26/10/2020,https://www4.unfccc.int/sites/ndcstaging/PublishedDocuments/Thailand%20First/Thailand%20Updated%20NDC.pdf
The Republic of North Macedonia,First (Archived),English,09/01/2018,https://www4.unfccc.int/sites/ndcstaging/PublishedDocuments/The%20Republic%20of%20North%20Macedonia%20First/Submission_Republic_of_Macedonia_20150805144001_135181.pdf
The Republic of North Macedonia,First (Updated submission),English,16/04/2021,https://www4.unfccc.int/sites/ndcstaging/PublishedDocuments/The%20Republic%20of%20North%20Macedonia%20First/Macedonian%20enhanced%20NDC%20(002).pdf
Timor-Leste,First,English,16/08/2017,https://www4.unfccc.int/sites/ndcstaging/PublishedDocuments/Timor-Leste%20First/Timor-Leste%20First%20NDC.pdf
Togo,First (Archived),French,28/06/2017,https://www4.unfccc.int/sites/ndcstaging/PublishedDocuments/Togo%20First/CPDN%20_TOGO.pdf
Togo,First (Updated submission),French,12/10/2021,https://www4.unfccc.int/sites/ndcstaging/PublishedDocuments/Togo%20First/CDN%20Revisées_Togo_Document%20intérimaire_rv_11%2010%2021.pdf
Togo,First (Archived),English,28/06/2017,https://www4.unfccc.int/sites/ndcstaging/PublishedDocuments/Togo%20First/INDC%20Togo_english%20version.pdf
Tonga,Second,English,09/12/2020,https://www4.unfccc.int/sites/ndcstaging/PublishedDocuments/Tonga%20Second/Tonga%27s%20Second%20NDC.pdf
Tonga,Second,English,09/12/2020,https://www4.unfccc.int/sites/ndcstaging/PublishedDocuments/Tonga%20Second/Tonga%20NDC%20Review%20Report.pdf
Tonga,First,English,21/09/2016,https://www4.unfccc.int/sites/ndcstaging/PublishedDocuments/Tonga%20First/Tonga%20INDC.pdf
Trinidad and Tobago,First,English,22/02/2018,https://www4.unfccc.int/sites/ndcstaging/PublishedDocuments/Trinidad%20and%20Tobago%20First/Trinidad%20and%20Tobago%20Final%20INDC.pdf
Tunisia,First (Archived),French,10/02/2017,https://www4.unfccc.int/sites/ndcstaging/PublishedDocuments/Tunisia%20First/INDC%20Tunisie%20VF%205%20aout%20Valid.pdf
Tunisia,First (Updated submission),French,10/10/2021,https://www4.unfccc.int/sites/ndcstaging/PublishedDocuments/Tunisia%20First/Tunisia%20Update%20NDC-french.pdf
Tunisia,First (Archived),English,10/02/2017,https://www4.unfccc.int/sites/ndcstaging/PublishedDocuments/Tunisia%20First/INDC-Tunisia-English%20Version.pdf
Turkey,First,English,11/10/2021,https://www4.unfccc.int/sites/ndcstaging/PublishedDocuments/Turkey%20First/The_INDC_of_TURKEY_v.15.19.30.pdf
Turkmenistan,First,English,21/10/2016,https://www4.unfccc.int/sites/ndcstaging/PublishedDocuments/Turkmenistan%20First/INDC_Turkmenistan.pdf
Tuvalu,First,English,22/04/2016,https://www4.unfccc.int/sites/ndcstaging/PublishedDocuments/Tuvalu%20First/TUVALU%20INDC.pdf
Uganda,First (Archived),English,21/09/2016,https://www4.unfccc.int/sites/ndcstaging/PublishedDocuments/Uganda%20First/INDC%20Uganda%20final%20%2014%20October%20%202015.pdf
Uganda,First (Interim-updated submission),English,12/10/2021,https://www4.unfccc.int/sites/ndcstaging/PublishedDocuments/Uganda%20First/Uganda%20interim%20NDC%20submission_.pdf
Ukraine,First (Archived),English,19/09/2016,https://www4.unfccc.int/sites/ndcstaging/PublishedDocuments/Ukraine%20First/Ukraine%20First%20NDC.pdf
Ukraine,First (Updated submission),English,31/07/2021,https://www4.unfccc.int/sites/ndcstaging/PublishedDocuments/Ukraine%20First/Ukraine%20NDC_July%2031.pdf
United Arab Emirates,Second,Arabic,29/12/2020,https://www4.unfccc.int/sites/ndcstaging/PublishedDocuments/United%20Arab%20Emirates%20Second/UAE%20Second%20NDC%20-%20UNFCCC%20Submission%20-%20Arabic%20-%20FINAL.pdf
United Arab Emirates,Second,English,29/12/2020,https://www4.unfccc.int/sites/ndcstaging/PublishedDocuments/United%20Arab%20Emirates%20Second/UAE%20Second%20NDC%20-%20UNFCCC%20Submission%20-%20English%20-%20FINAL.pdf
United Arab Emirates,First (Archived),English,21/09/2016,https://www4.unfccc.int/sites/ndcstaging/PublishedDocuments/United%20Arab%20Emirates%20First/UAE%20INDC%20-%2022%20October.pdf
United Kingdom of Great Britain and Northern Ireland,First (Updated Submission),English,12/12/2020,https://www4.unfccc.int/sites/ndcstaging/PublishedDocuments/United%20Kingdom%20of%20Great%20Britain%20and%20Northern%20Ireland%20First/UK%20Nationally%20Determined%20Contribution.pdf
United Republic of Tanzania,First (Archived),English,18/05/2018,https://www4.unfccc.int/sites/ndcstaging/PublishedDocuments/United%20Republic%20of%20Tanzania%20First%20NDC/The%20United%20Republic%20of%20Tanzania%20First%20NDC.pdf
United Republic of Tanzania,First (Updated submission),English,30/07/2021,https://www4.unfccc.int/sites/ndcstaging/PublishedDocuments/United%20Republic%20of%20Tanzania%20First%20NDC/TANZANIA_NDC_SUBMISSION_30%20JULY%202021.pdf
United States of America,First (Archived),English,03/09/2016,https://www4.unfccc.int/sites/ndcstaging/PublishedDocuments/United%20States%20of%20America%20First/U.S.A.%20First%20NDC%20Submission.pdf
United States of America,First (After rejoining the Paris Agreement),English,22/04/2021,https://www4.unfccc.int/sites/ndcstaging/PublishedDocuments/United%20States%20of%20America%20First/United%20States%20NDC%20April%2021%202021%20Final.pdf
Uruguay,First,Spanish,10/11/2017,https://www4.unfccc.int/sites/ndcstaging/PublishedDocuments/Uruguay%20First/Uruguay_Primera%20Contribución%20Determinada%20a%20nivel%20Nacional.pdf
Uruguay,First,English,14/11/2017,https://www4.unfccc.int/sites/ndcstaging/PublishedDocuments/Uruguay%20First/Uruguay_First%20Nationally%20Determined%20Contribution.pdf
Uzbekistan,First (Archived),English,09/11/2018,https://www4.unfccc.int/sites/ndcstaging/PublishedDocuments/Uzbekistan%20First/INDC%20Uzbekistan%2018-04-2017_Eng.pdf
Uzbekistan,First (Updated submission),Russian,30/10/2021,https://www4.unfccc.int/sites/ndcstaging/PublishedDocuments/Uzbekistan%20First/Uzbekistan_Updated%20NDC_2021_RU.pdf
Uzbekistan,First (Updated submission),English,30/10/2021,https://www4.unfccc.int/sites/ndcstaging/PublishedDocuments/Uzbekistan%20First/Uzbekistan_Updated%20NDC_2021_EN.pdf
Vanuatu,First (Archived),English,21/09/2016,https://www4.unfccc.int/sites/ndcstaging/PublishedDocuments/Vanuatu%20First/VANUATU%20%20INDC%20UNFCCC%20Submission.pdf
Vanuatu,First (Updated Submission),English,22/03/2021,https://www4.unfccc.int/sites/ndcstaging/PublishedDocuments/Vanuatu%20First/Vanuatu’s%20First%20Nationally%20Determined%20Contribution%20(NDC)%20(Updated%20Submission%202020).pdf
Venezuela (Bolivarian Republic of),First,Spanish,27/02/2018,https://www4.unfccc.int/sites/ndcstaging/PublishedDocuments/Venezuela%20(Bolivarian%20Republic%20of)%20First/Primera%20%20NDC%20Venezuela.pdf
Viet Nam,First (Archived),English,03/11/2016,https://www4.unfccc.int/sites/ndcstaging/PublishedDocuments/Viet%20Nam%20First/VIETNAM%27S%20INDC.pdf
Viet Nam Updated,First (Updated submission),English,11/09/2020,https://www4.unfccc.int/sites/ndcstaging/PublishedDocuments/Viet%20Nam%20First/Viet%20Nam_NDC_2020_Eng.pdf
Zambia,First (Archived),English,09/12/2016,https://www4.unfccc.int/sites/ndcstaging/PublishedDocuments/Zambia%20First/FINAL+ZAMBIA%27S+INDC_1.pdf
Zambia,First (Archived),English,30/12/2020,https://www4.unfccc.int/sites/ndcstaging/PublishedDocuments/Zambia%20First/Zambia_Provisional_Updated_NDC_2020.pdf
Zambia,First (Updated submission),English,30/07/2021,https://www4.unfccc.int/sites/ndcstaging/PublishedDocuments/Zambia%20First/Final%20Zambia_Revised%20and%20Updated_NDC_2021_.pdf
Zimbabwe,First (Archived),English,07/08/2017,https://www4.unfccc.int/sites/ndcstaging/PublishedDocuments/Zimbabwe%20First/Zimbabwe%20First%20NDC.pdf
Zimbabwe,First (Updated submission),English,24/09/2021,https://www4.unfccc.int/sites/ndcstaging/PublishedDocuments/Zimbabwe%20First/Zimbabwe%20Revised%20Nationally%20Determined%20Contribution%202021%20Final.pdf
